"Data","À vista R$","À vista US$","inx"
"02/01/2018","455.34","139.68","0"
"03/01/2018","453.41","139.85","1"
"04/01/2018","454.29","140.78","2"
"05/01/2018","454.80","140.76","3"
"08/01/2018","449.10","138.87","4"
"09/01/2018","448.34","138.04","5"
"10/01/2018","448.24","138.86","6"
"11/01/2018","445.41","138.15","7"
"12/01/2018","443.64","138.29","8"
"15/01/2018","444.70","138.58","9"
"16/01/2018","442.55","137.06","10"
"17/01/2018","445.29","138.50","11"
"18/01/2018","443.82","138.22","12"
"19/01/2018","443.86","138.75","13"
"22/01/2018","445.71","138.94","14"
"23/01/2018","443.62","136.84","15"
"24/01/2018","443.31","139.54","16"
"25/01/2018","441.12","140.53","17"
"26/01/2018","444.62","141.33","18"
"29/01/2018","443.88","140.20","19"
"30/01/2018","442.06","139.14","20"
"31/01/2018","444.18","139.37","21"
"01/02/2018","439.89","138.81","22"
"02/02/2018","439.64","136.87","23"
"05/02/2018","440.31","135.69","24"
"06/02/2018","442.67","136.63","25"
"07/02/2018","442.33","134.94","26"
"08/02/2018","442.31","134.77","27"
"09/02/2018","444.83","134.47","28"
"14/02/2018","442.81","137.09","29"
"15/02/2018","441.95","136.53","30"
"16/02/2018","434.47","134.97","31"
"19/02/2018","433.90","134.17","32"
"20/02/2018","433.39","133.23","33"
"21/02/2018","433.90","133.47","34"
"22/02/2018","435.45","134.15","35"
"23/02/2018","435.47","134.36","36"
"26/02/2018","434.37","134.19","37"
"27/02/2018","435.70","134.18","38"
"28/02/2018","436.49","134.80","39"
"01/03/2018","437.48","134.36","40"
"02/03/2018","437.18","134.47","41"
"05/03/2018","429.48","132.27","42"
"06/03/2018","431.90","134.63","43"
"07/03/2018","432.83","133.38","44"
"08/03/2018","430.98","132.04","45"
"09/03/2018","430.28","132.39","46"
"12/03/2018","429.83","132.05","47"
"13/03/2018","434.54","133.13","48"
"14/03/2018","431.57","132.22","49"
"15/03/2018","426.73","129.67","50"
"16/03/2018","427.10","130.45","51"
"19/03/2018","427.36","130.02","52"
"20/03/2018","426.22","128.85","53"
"21/03/2018","427.16","130.59","54"
"22/03/2018","429.91","130.20","55"
"23/03/2018","424.28","128.03","56"
"26/03/2018","425.43","128.80","57"
"27/03/2018","429.78","129.06","58"
"28/03/2018","428.96","128.82","59"
"29/03/2018","427.18","129.41","60"
"02/04/2018","424.46","127.93","61"
"03/04/2018","426.01","127.70","62"
"04/04/2018","425.57","127.53","63"
"05/04/2018","425.44","127.26","64"
"06/04/2018","428.07","127.02","65"
"09/04/2018","429.15","126.18","66"
"10/04/2018","431.07","126.56","67"
"11/04/2018","429.50","127.11","68"
"12/04/2018","433.34","127.38","69"
"13/04/2018","430.78","125.85","70"
"16/04/2018","428.19","125.13","71"
"17/04/2018","428.92","126.01","72"
"18/04/2018","425.59","125.99","73"
"19/04/2018","427.57","126.16","74"
"20/04/2018","427.02","125.15","75"
"23/04/2018","432.81","125.53","76"
"24/04/2018","437.75","126.19","77"
"25/04/2018","436.60","125.21","78"
"26/04/2018","437.32","125.70","79"
"27/04/2018","439.13","126.84","80"
"30/04/2018","440.67","125.69","81"
"02/05/2018","449.30","126.63","82"
"03/05/2018","453.95","128.74","83"
"04/05/2018","451.15","128.09","84"
"07/05/2018","445.31","125.30","85"
"08/05/2018","447.24","125.24","86"
"09/05/2018","445.49","123.61","87"
"10/05/2018","444.31","125.30","88"
"11/05/2018","448.47","124.47","89"
"14/05/2018","443.00","122.21","90"
"15/05/2018","445.21","121.58","91"
"16/05/2018","445.28","121.07","92"
"17/05/2018","452.17","122.04","93"
"18/05/2018","455.80","121.77","94"
"21/05/2018","458.01","124.22","95"
"22/05/2018","455.47","125.13","96"
"23/05/2018","451.98","124.62","97"
"24/05/2018","454.34","124.61","98"
"25/05/2018","456.17","124.20","99"
"28/05/2018","454.95","121.74","100"
"29/05/2018","457.17","122.04","101"
"30/05/2018","456.63","122.09","102"
"01/06/2018","459.52","122.08","103"
"04/06/2018","458.06","122.48","104"
"05/06/2018","459.14","120.48","105"
"06/06/2018","460.50","120.61","106"
"07/06/2018","465.92","118.86","107"
"08/06/2018","455.68","122.59","108"
"11/06/2018","451.09","121.29","109"
"12/06/2018","455.19","122.49","110"
"13/06/2018","449.82","121.02","111"
"14/06/2018","450.93","118.76","112"
"15/06/2018","449.29","120.71","113"
"18/06/2018","448.99","119.79","114"
"19/06/2018","446.42","119.27","115"
"20/06/2018","446.05","118.10","116"
"21/06/2018","447.97","118.89","117"
"22/06/2018","445.34","117.94","118"
"25/06/2018","449.58","118.87","119"
"26/06/2018","450.63","118.71","120"
"27/06/2018","451.51","117.22","121"
"28/06/2018","450.12","116.55","122"
"29/06/2018","451.14","116.42","123"
"02/07/2018","445.88","114.01","124"
"03/07/2018","445.56","114.45","125"
"04/07/2018","446.06","114.02","126"
"05/07/2018","441.79","112.33","127"
"06/07/2018","443.08","113.43","128"
"09/07/2018","447.56","115.67","129"
"10/07/2018","444.53","117.04","130"
"11/07/2018","444.84","114.65","131"
"12/07/2018","443.50","114.16","132"
"13/07/2018","441.86","114.71","133"
"16/07/2018","444.21","115.05","134"
"17/07/2018","441.10","114.84","135"
"18/07/2018","431.85","112.67","136"
"19/07/2018","434.80","112.47","137"
"20/07/2018","434.76","114.99","138"
"23/07/2018","437.73","115.62","139"
"24/07/2018","434.48","116.05","140"
"25/07/2018","433.78","117.05","141"
"26/07/2018","430.71","115.13","142"
"27/07/2018","432.78","116.56","143"
"30/07/2018","432.52","116.02","144"
"31/07/2018","430.02","114.55","145"
"01/08/2018","426.83","113.70","146"
"02/08/2018","421.88","112.29","147"
"03/08/2018","420.04","113.37","148"
"06/08/2018","421.53","113.04","149"
"07/08/2018","422.75","112.34","150"
"08/08/2018","420.56","111.56","151"
"09/08/2018","423.83","111.54","152"
"10/08/2018","426.36","110.51","153"
"13/08/2018","427.63","109.62","154"
"14/08/2018","426.15","110.23","155"
"15/08/2018","424.40","108.79","156"
"16/08/2018","416.55","106.75","157"
"17/08/2018","415.24","105.95","158"
"20/08/2018","410.34","103.67","159"
"21/08/2018","408.01","101.42","160"
"22/08/2018","408.15","100.58","161"
"23/08/2018","415.58","100.99","162"
"24/08/2018","425.50","103.68","163"
"27/08/2018","426.77","104.47","164"
"28/08/2018","424.23","102.37","165"
"29/08/2018","425.67","103.37","166"
"30/08/2018","426.13","102.43","167"
"31/08/2018","422.44","103.84","168"
"03/09/2018","423.40","102.05","169"
"04/09/2018","421.64","101.48","170"
"05/09/2018","426.68","103.26","171"
"06/09/2018","424.50","103.16","172"
"10/09/2018","421.94","103.04","173"
"11/09/2018","422.04","101.45","174"
"12/09/2018","422.52","101.89","175"
"13/09/2018","422.28","100.59","176"
"14/09/2018","418.56","100.49","177"
"17/09/2018","414.08","100.51","178"
"18/09/2018","412.02","99.74","179"
"19/09/2018","406.31","98.50","180"
"20/09/2018","411.32","100.91","181"
"21/09/2018","409.74","101.42","182"
"24/09/2018","406.47","99.58","183"
"25/09/2018","408.78","100.12","184"
"26/09/2018","403.95","100.36","185"
"27/09/2018","404.51","101.46","186"
"28/09/2018","411.69","101.83","187"
"01/10/2018","417.71","103.91","188"
"02/10/2018","425.00","108.14","189"
"03/10/2018","423.86","108.74","190"
"04/10/2018","425.22","109.28","191"
"05/10/2018","430.81","111.47","192"
"08/10/2018","431.79","114.81","193"
"09/10/2018","433.63","116.88","194"
"10/10/2018","433.03","115.23","195"
"11/10/2018","431.12","114.35","196"
"15/10/2018","449.66","120.36","197"
"16/10/2018","443.81","119.30","198"
"17/10/2018","454.49","123.43","199"
"18/10/2018","455.67","122.85","200"
"19/10/2018","458.10","123.51","201"
"22/10/2018","447.39","121.24","202"
"23/10/2018","456.81","123.53","203"
"24/10/2018","456.48","122.25","204"
"25/10/2018","455.90","123.22","205"
"26/10/2018","453.26","124.25","206"
"29/10/2018","440.66","118.81","207"
"30/10/2018","442.26","119.69","208"
"31/10/2018","440.42","118.74","209"
"01/11/2018","446.22","120.99","210"
"05/11/2018","447.45","120.32","211"
"06/11/2018","445.56","118.69","212"
"07/11/2018","446.82","119.44","213"
"08/11/2018","451.11","120.52","214"
"09/11/2018","445.33","119.20","215"
"12/11/2018","435.84","116.22","216"
"13/11/2018","435.63","114.04","217"
"14/11/2018","444.24","117.28","218"
"16/11/2018","441.19","118.09","219"
"19/11/2018","436.39","115.97","220"
"20/11/2018","440.47","117.17","221"
"21/11/2018","440.34","116.34","222"
"22/11/2018","438.82","115.33","223"
"23/11/2018","435.32","114.08","224"
"26/11/2018","436.14","111.72","225"
"27/11/2018","446.30","114.82","226"
"28/11/2018","443.71","115.52","227"
"29/11/2018","442.45","114.83","228"
"30/11/2018","432.54","112.12","229"
"03/12/2018","432.39","112.92","230"
"04/12/2018","430.06","111.41","231"
"05/12/2018","428.08","110.64","232"
"06/12/2018","429.43","110.42","233"
"07/12/2018","427.62","110.16","234"
"10/12/2018","427.61","109.00","235"
"11/12/2018","419.85","107.21","236"
"12/12/2018","419.58","108.98","237"
"13/12/2018","420.01","108.33","238"
"14/12/2018","418.50","107.23","239"
"17/12/2018","414.53","106.43","240"
"18/12/2018","413.37","105.97","241"
"19/12/2018","412.39","106.45","242"
"20/12/2018","412.53","107.12","243"
"21/12/2018","413.10","106.17","244"
"26/12/2018","417.17","106.45","245"
"27/12/2018","414.14","106.24","246"
"28/12/2018","415.45","107.21","247"
"02/01/2019","407.80","106.89","248"
"03/01/2019","406.66","108.27","249"
"04/01/2019","407.57","109.74","250"
"07/01/2019","405.63","108.78","251"
"08/01/2019","411.77","110.99","252"
"09/01/2019","411.99","111.80","253"
"10/01/2019","409.93","110.22","254"
"11/01/2019","408.58","109.98","255"
"14/01/2019","407.67","110.30","256"
"15/01/2019","402.67","107.98","257"
"16/01/2019","404.07","108.36","258"
"17/01/2019","407.61","108.93","259"
"18/01/2019","415.41","110.57","260"
"21/01/2019","417.27","110.98","261"
"22/01/2019","412.64","108.67","262"
"23/01/2019","413.97","109.89","263"
"24/01/2019","418.21","110.93","264"
"25/01/2019","418.56","111.24","265"
"28/01/2019","413.73","109.92","266"
"29/01/2019","410.74","110.30","267"
"30/01/2019","411.55","110.54","268"
"31/01/2019","415.13","113.70","269"
"01/02/2019","415.64","113.56","270"
"04/02/2019","417.87","113.83","271"
"05/02/2019","418.51","114.25","272"
"06/02/2019","420.46","113.61","273"
"07/02/2019","418.48","112.92","274"
"08/02/2019","418.21","112.00","275"
"11/02/2019","409.73","108.97","276"
"12/02/2019","408.98","110.33","277"
"13/02/2019","408.62","108.88","278"
"14/02/2019","405.12","108.24","279"
"15/02/2019","405.26","109.41","280"
"18/02/2019","404.19","108.24","281"
"19/02/2019","403.12","108.75","282"
"20/02/2019","402.51","108.00","283"
"21/02/2019","401.84","107.07","284"
"22/02/2019","403.63","108.07","285"
"25/02/2019","401.42","107.36","286"
"26/02/2019","396.32","105.74","287"
"27/02/2019","397.40","106.57","288"
"28/02/2019","396.68","105.78","289"
"01/03/2019","398.43","105.57","290"
"06/03/2019","400.33","104.31","291"
"07/03/2019","401.27","102.97","292"
"08/03/2019","403.09","104.21","293"
"11/03/2019","401.91","104.64","294"
"12/03/2019","395.58","103.80","295"
"13/03/2019","398.22","104.60","296"
"14/03/2019","399.14","103.78","297"
"15/03/2019","398.96","104.49","298"
"18/03/2019","395.22","104.31","299"
"19/03/2019","393.28","103.93","300"
"20/03/2019","387.99","103.46","301"
"21/03/2019","388.89","102.50","302"
"22/03/2019","389.35","99.73","303"
"25/03/2019","390.88","101.29","304"
"26/03/2019","392.84","101.59","305"
"27/03/2019","394.11","99.77","306"
"28/03/2019","393.99","100.76","307"
"29/03/2019","393.08","100.40","308"
"01/04/2019","387.09","99.95","309"
"02/04/2019","384.58","99.74","310"
"03/04/2019","392.46","101.41","311"
"04/04/2019","392.56","101.91","312"
"05/04/2019","388.85","100.58","313"
"08/04/2019","385.40","100.18","314"
"09/04/2019","389.57","101.06","315"
"10/04/2019","389.32","101.97","316"
"11/04/2019","376.92","97.70","317"
"12/04/2019","377.13","97.02","318"
"15/04/2019","380.58","98.34","319"
"16/04/2019","381.09","97.79","320"
"17/04/2019","375.48","95.49","321"
"18/04/2019","382.11","97.23","322"
"22/04/2019","383.57","97.57","323"
"23/04/2019","384.33","97.99","324"
"24/04/2019","384.41","96.44","325"
"25/04/2019","384.32","97.20","326"
"26/04/2019","383.00","97.43","327"
"29/04/2019","381.97","96.92","328"
"30/04/2019","386.67","98.67","329"
"02/05/2019","382.13","96.50","330"
"03/05/2019","382.47","97.17","331"
"06/05/2019","381.01","96.29","332"
"07/05/2019","376.64","94.90","333"
"08/05/2019","376.58","95.85","334"
"09/05/2019","380.81","96.43","335"
"10/05/2019","382.45","97.04","336"
"13/05/2019","380.66","95.57","337"
"14/05/2019","383.24","96.46","338"
"15/05/2019","384.08","96.21","339"
"16/05/2019","385.13","95.38","340"
"17/05/2019","384.26","93.72","341"
"20/05/2019","383.04","93.38","342"
"21/05/2019","389.37","96.09","343"
"22/05/2019","388.47","96.11","344"
"23/05/2019","391.64","96.82","345"
"24/05/2019","392.17","97.70","346"
"27/05/2019","391.77","97.14","347"
"28/05/2019","400.97","99.82","348"
"29/05/2019","409.81","103.10","349"
"30/05/2019","414.31","104.20","350"
"31/05/2019","417.80","106.42","351"
"03/06/2019","422.55","108.46","352"
"04/06/2019","427.58","110.83","353"
"05/06/2019","403.57","103.48","354"
"06/06/2019","413.84","106.69","355"
"07/06/2019","411.63","106.31","356"
"10/06/2019","408.39","105.31","357"
"11/06/2019","405.25","105.34","358"
"12/06/2019","407.84","105.71","359"
"13/06/2019","403.44","104.63","360"
"14/06/2019","403.38","103.62","361"
"17/06/2019","401.64","102.96","362"
"18/06/2019","396.80","102.77","363"
"19/06/2019","397.42","103.15","364"
"21/06/2019","402.12","105.27","365"
"24/06/2019","410.65","107.39","366"
"25/06/2019","424.04","110.11","367"
"26/06/2019","423.57","110.08","368"
"27/06/2019","428.69","111.90","369"
"28/06/2019","434.39","113.24","370"
"01/07/2019","440.87","114.66","371"
"02/07/2019","438.08","113.70","372"
"03/07/2019","452.92","118.53","373"
"04/07/2019","451.45","118.99","374"
"05/07/2019","443.63","116.22","375"
"08/07/2019","433.20","113.82","376"
"09/07/2019","432.27","114.18","377"
"10/07/2019","422.98","112.70","378"
"11/07/2019","422.18","112.58","379"
"12/07/2019","421.59","112.69","380"
"15/07/2019","430.26","114.52","381"
"16/07/2019","415.95","110.54","382"
"17/07/2019","422.54","112.41","383"
"18/07/2019","426.00","114.24","384"
"19/07/2019","424.77","113.36","385"
"22/07/2019","415.99","111.29","386"
"23/07/2019","408.85","108.36","387"
"24/07/2019","408.96","108.45","388"
"25/07/2019","408.98","108.11","389"
"26/07/2019","405.80","107.70","390"
"29/07/2019","409.25","108.30","391"
"30/07/2019","405.28","106.82","392"
"31/07/2019","402.56","105.99","393"
"01/08/2019","400.70","104.29","394"
"02/08/2019","407.25","104.85","395"
"05/08/2019","402.81","101.69","396"
"06/08/2019","404.66","102.29","397"
"07/08/2019","407.06","102.38","398"
"08/08/2019","410.31","104.54","399"
"09/08/2019","408.13","103.61","400"
"12/08/2019","402.43","101.16","401"
"13/08/2019","405.06","102.21","402"
"14/08/2019","408.46","101.18","403"
"15/08/2019","409.13","102.46","404"
"16/08/2019","404.98","101.24","405"
"19/08/2019","401.37","98.71","406"
"20/08/2019","405.93","100.48","407"
"21/08/2019","406.26","100.96","408"
"22/08/2019","405.64","99.62","409"
"23/08/2019","409.89","99.56","410"
"26/08/2019","418.13","100.73","411"
"27/08/2019","419.23","101.04","412"
"28/08/2019","422.10","101.57","413"
"29/08/2019","415.64","99.84","414"
"30/08/2019","417.18","100.99","415"
"02/09/2019","417.58","99.85","416"
"03/09/2019","420.55","100.63","417"
"04/09/2019","418.66","102.01","418"
"05/09/2019","415.47","101.31","419"
"06/09/2019","416.63","102.29","420"
"09/09/2019","419.61","102.42","421"
"10/09/2019","431.28","105.22","422"
"11/09/2019","437.66","107.72","423"
"12/09/2019","439.65","108.37","424"
"13/09/2019","438.02","107.07","425"
"16/09/2019","440.51","107.71","426"
"17/09/2019","431.94","105.87","427"
"18/09/2019","432.57","105.22","428"
"19/09/2019","429.95","103.43","429"
"20/09/2019","433.00","104.26","430"
"23/09/2019","432.66","103.73","431"
"24/09/2019","432.86","103.73","432"
"25/09/2019","438.21","105.47","433"
"26/09/2019","437.50","105.17","434"
"27/09/2019","440.42","106.00","435"
"30/09/2019","438.49","105.64","436"
"01/10/2019","439.25","105.51","437"
"02/10/2019","437.29","105.75","438"
"03/10/2019","437.18","107.05","439"
"04/10/2019","426.74","105.08","440"
"07/10/2019","420.43","102.49","441"
"08/10/2019","415.74","101.65","442"
"09/10/2019","415.53","101.50","443"
"10/10/2019","411.92","99.93","444"
"11/10/2019","413.72","101.28","445"
"14/10/2019","414.88","100.53","446"
"15/10/2019","414.94","99.79","447"
"16/10/2019","413.31","99.40","448"
"17/10/2019","414.04","99.53","449"
"18/10/2019","419.99","102.06","450"
"21/10/2019","416.03","100.61","451"
"22/10/2019","422.18","103.65","452"
"23/10/2019","420.48","104.29","453"
"24/10/2019","417.81","103.52","454"
"25/10/2019","424.23","105.85","455"
"28/10/2019","422.64","105.95","456"
"29/10/2019","421.58","105.47","457"
"30/10/2019","424.07","106.31","458"
"31/10/2019","432.49","107.80","459"
"01/11/2019","438.38","109.62","460"
"04/11/2019","436.51","108.91","461"
"05/11/2019","445.87","111.72","462"
"06/11/2019","457.37","111.96","463"
"07/11/2019","462.84","113.22","464"
"08/11/2019","474.27","114.12","465"
"11/11/2019","464.62","112.31","466"
"12/11/2019","464.57","111.41","467"
"13/11/2019","473.13","113.00","468"
"14/11/2019","471.21","112.46","469"
"18/11/2019","466.89","111.16","470"
"19/11/2019","462.37","110.17","471"
"20/11/2019","475.80","113.19","472"
"21/11/2019","490.53","116.90","473"
"22/11/2019","489.53","116.80","474"
"25/11/2019","504.52","119.78","475"
"26/11/2019","499.61","117.72","476"
"27/11/2019","507.54","119.22","477"
"28/11/2019","506.68","120.24","478"
"29/11/2019","510.02","120.43","479"
"02/12/2019","522.45","123.86","480"
"03/12/2019","526.37","125.09","481"
"04/12/2019","524.09","124.64","482"
"05/12/2019","531.52","126.98","483"
"06/12/2019","536.70","129.54","484"
"09/12/2019","545.00","131.87","485"
"10/12/2019","557.99","134.62","486"
"11/12/2019","562.10","136.00","487"
"12/12/2019","568.74","139.23","488"
"13/12/2019","550.06","133.93","489"
"16/12/2019","571.63","140.76","490"
"17/12/2019","555.14","136.60","491"
"18/12/2019","554.39","136.31","492"
"19/12/2019","541.17","133.26","493"
"20/12/2019","543.29","132.61","494"
"23/12/2019","536.11","131.56","495"
"26/12/2019","539.83","132.87","496"
"27/12/2019","543.45","134.25","497"
"30/12/2019","548.21","136.51","498"
"02/01/2020","534.42","132.84","499"
"03/01/2020","534.07","131.77","500"
"06/01/2020","514.24","126.32","501"
"07/01/2020","509.50","125.49","502"
"08/01/2020","502.34","124.07","503"
"09/01/2020","498.57","121.99","504"
"10/01/2020","502.57","123.15","505"
"13/01/2020","493.84","119.37","506"
"14/01/2020","491.04","118.93","507"
"15/01/2020","489.77","117.25","508"
"16/01/2020","487.70","116.28","509"
"17/01/2020","488.66","117.44","510"
"20/01/2020","488.08","116.51","511"
"21/01/2020","485.12","115.51","512"
"22/01/2020","487.44","116.70","513"
"23/01/2020","488.23","117.22","514"
"24/01/2020","485.06","115.88","515"
"27/01/2020","475.01","112.96","516"
"28/01/2020","475.97","113.49","517"
"29/01/2020","471.06","111.57","518"
"30/01/2020","470.22","110.35","519"
"31/01/2020","473.81","110.63","520"
"03/02/2020","453.70","106.78","521"
"04/02/2020","452.94","106.40","522"
"05/02/2020","455.96","107.44","523"
"06/02/2020","458.70","107.25","524"
"07/02/2020","461.41","106.83","525"
"10/02/2020","464.85","107.43","526"
"11/02/2020","467.40","108.05","527"
"12/02/2020","469.31","107.96","528"
"13/02/2020","484.06","111.43","529"
"14/02/2020","498.94","116.03","530"
"17/02/2020","498.77","115.30","531"
"18/02/2020","488.00","111.98","532"
"19/02/2020","493.29","112.91","533"
"20/02/2020","486.89","111.01","534"
"21/02/2020","501.10","114.14","535"
"26/02/2020","505.14","113.79","536"
"27/02/2020","511.41","114.41","537"
"28/02/2020","522.42","116.30","538"
"02/03/2020","533.54","118.96","539"
"03/03/2020","548.53","121.63","540"
"04/03/2020","547.90","119.68","541"
"05/03/2020","537.74","115.69","542"
"06/03/2020","525.30","113.48","543"
"09/03/2020","532.71","112.27","544"
"10/03/2020","544.28","117.20","545"
"11/03/2020","541.48","114.38","546"
"12/03/2020","544.55","113.02","547"
"13/03/2020","540.39","111.37","548"
"16/03/2020","543.26","108.00","549"
"17/03/2020","538.10","107.60","550"
"18/03/2020","558.49","106.83","551"
"19/03/2020","569.41","111.67","552"
"20/03/2020","575.57","114.00","553"
"23/03/2020","576.11","112.10","554"
"24/03/2020","582.94","114.48","555"
"25/03/2020","589.87","117.69","556"
"26/03/2020","582.00","116.31","557"
"27/03/2020","566.67","112.03","558"
"30/03/2020","577.85","111.66","559"
"31/03/2020","581.56","111.92","560"
"01/04/2020","579.37","110.15","561"
"02/04/2020","587.78","111.64","562"
"03/04/2020","581.63","109.43","563"
"06/04/2020","582.30","109.83","564"
"07/04/2020","588.37","112.78","565"
"08/04/2020","588.51","114.25","566"
"09/04/2020","584.08","114.53","567"
"13/04/2020","584.78","112.96","568"
"14/04/2020","582.10","112.22","569"
"15/04/2020","590.34","112.75","570"
"16/04/2020","591.03","112.39","571"
"17/04/2020","588.06","112.16","572"
"20/04/2020","586.62","110.56","573"
"22/04/2020","585.70","108.32","574"
"23/04/2020","590.29","107.25","575"
"24/04/2020","585.13","103.18","576"
"27/04/2020","583.76","102.25","577"
"28/04/2020","582.91","106.02","578"
"29/04/2020","575.41","107.41","579"
"30/04/2020","573.02","105.20","580"
"04/05/2020","573.79","103.59","581"
"05/05/2020","583.41","104.24","582"
"06/05/2020","586.64","102.90","583"
"07/05/2020","587.73","100.33","584"
"08/05/2020","597.52","103.95","585"
"11/05/2020","591.67","101.40","586"
"12/05/2020","583.78","99.59","587"
"13/05/2020","583.34","98.62","588"
"14/05/2020","588.86","100.88","589"
"15/05/2020","593.87","101.83","590"
"18/05/2020","586.52","102.65","591"
"19/05/2020","582.91","101.66","592"
"20/05/2020","579.38","102.06","593"
"21/05/2020","575.20","103.19","594"
"22/05/2020","568.90","101.95","595"
"25/05/2020","569.15","104.36","596"
"26/05/2020","559.06","104.69","597"
"27/05/2020","542.37","102.49","598"
"28/05/2020","535.77","99.90","599"
"29/05/2020","513.30","96.12","600"
"01/06/2020","507.99","94.44","601"
"02/06/2020","502.31","96.23","602"
"03/06/2020","499.13","98.49","603"
"04/06/2020","493.35","96.43","604"
"05/06/2020","487.68","98.16","605"
"08/06/2020","472.84","97.07","606"
"09/06/2020","468.92","96.15","607"
"10/06/2020","465.57","94.68","608"
"12/06/2020","468.75","92.66","609"
"15/06/2020","467.09","90.70","610"
"16/06/2020","465.41","89.07","611"
"17/06/2020","474.03","90.03","612"
"18/06/2020","479.19","88.97","613"
"19/06/2020","478.80","90.25","614"
"22/06/2020","478.47","90.83","615"
"23/06/2020","480.12","93.32","616"
"24/06/2020","484.13","91.07","617"
"25/06/2020","477.89","89.76","618"
"26/06/2020","488.60","89.36","619"
"29/06/2020","500.17","92.01","620"
"30/06/2020","507.79","93.34","621"
"01/07/2020","510.69","96.16","622"
"02/07/2020","512.81","95.82","623"
"03/07/2020","510.08","95.97","624"
"06/07/2020","491.88","92.08","625"
"07/07/2020","491.09","91.28","626"
"08/07/2020","492.97","92.23","627"
"09/07/2020","492.33","92.27","628"
"10/07/2020","488.95","91.91","629"
"13/07/2020","496.71","92.46","630"
"14/07/2020","488.80","91.52","631"
"15/07/2020","485.62","90.23","632"
"16/07/2020","490.91","92.19","633"
"17/07/2020","504.38","93.65","634"
"20/07/2020","495.50","92.89","635"
"21/07/2020","495.13","95.27","636"
"22/07/2020","508.14","99.28","637"
"23/07/2020","509.02","97.78","638"
"24/07/2020","507.23","97.38","639"
"27/07/2020","512.79","99.20","640"
"28/07/2020","517.67","100.46","641"
"29/07/2020","531.75","102.85","642"
"30/07/2020","541.57","105.04","643"
"31/07/2020","561.40","107.69","644"
"03/08/2020","569.74","106.87","645"
"04/08/2020","578.99","109.28","646"
"05/08/2020","585.17","110.45","647"
"06/08/2020","570.46","106.55","648"
"07/08/2020","565.29","104.30","649"
"10/08/2020","562.54","103.07","650"
"11/08/2020","560.21","103.65","651"
"12/08/2020","550.95","101.00","652"
"13/08/2020","557.61","103.84","653"
"14/08/2020","558.14","102.79","654"
"17/08/2020","566.51","102.95","655"
"18/08/2020","576.84","105.49","656"
"19/08/2020","577.33","104.53","657"
"20/08/2020","583.29","104.97","658"
"21/08/2020","590.78","105.35","659"
"24/08/2020","592.48","105.82","660"
"25/08/2020","596.21","107.93","661"
"26/08/2020","603.11","107.68","662"
"27/08/2020","596.04","107.03","663"
"28/08/2020","603.55","111.60","664"
"31/08/2020","610.57","111.50","665"
"01/09/2020","605.15","112.31","666"
"02/09/2020","605.24","113.00","667"
"03/09/2020","599.29","113.29","668"
"04/09/2020","606.06","114.22","669"
"08/09/2020","600.43","112.04","670"
"09/09/2020","585.43","110.69","671"
"10/09/2020","587.04","110.43","672"
"11/09/2020","592.71","111.12","673"
"14/09/2020","563.78","106.84","674"
"15/09/2020","561.54","106.23","675"
"16/09/2020","554.39","105.80","676"
"17/09/2020","554.16","105.80","677"
"18/09/2020","544.82","101.51","678"
"21/09/2020","538.25","99.62","679"
"22/09/2020","533.89","97.69","680"
"23/09/2020","534.51","95.84","681"
"24/09/2020","536.31","97.23","682"
"25/09/2020","542.53","97.86","683"
"28/09/2020","535.50","95.03","684"
"29/09/2020","534.81","94.89","685"
"30/09/2020","541.13","96.32","686"
"01/10/2020","532.37","94.19","687"
"02/10/2020","537.44","95.00","688"
"05/10/2020","531.65","95.60","689"
"06/10/2020","532.14","95.03","690"
"07/10/2020","533.47","94.97","691"
"08/10/2020","538.09","96.29","692"
"09/10/2020","537.80","97.22","693"
"13/10/2020","539.64","96.81","694"
"14/10/2020","540.05","96.39","695"
"15/10/2020","540.51","96.31","696"
"16/10/2020","538.88","95.46","697"
"19/10/2020","534.97","95.46","698"
"20/10/2020","531.09","94.87","699"
"21/10/2020","531.54","94.80","700"
"22/10/2020","539.87","96.44","701"
"23/10/2020","536.98","95.41","702"
"26/10/2020","538.84","95.79","703"
"27/10/2020","540.47","95.25","704"
"28/10/2020","538.56","93.78","705"
"29/10/2020","536.73","93.33","706"
"30/10/2020","537.58","93.52","707"
"03/11/2020","538.74","93.68","708"
"04/11/2020","535.61","94.60","709"
"05/11/2020","543.05","97.90","710"
"06/11/2020","542.82","100.75","711"
"09/11/2020","536.39","99.08","712"
"10/11/2020","534.97","99.46","713"
"11/11/2020","542.94","100.28","714"
"12/11/2020","551.64","100.92","715"
"13/11/2020","551.90","100.77","716"
"16/11/2020","564.36","103.90","717"
"17/11/2020","568.44","106.49","718"
"18/11/2020","588.52","110.11","719"
"19/11/2020","594.13","111.85","720"
"20/11/2020","579.30","107.84","721"
"23/11/2020","580.88","106.84","722"
"24/11/2020","578.02","107.34","723"
"25/11/2020","584.40","109.89","724"
"26/11/2020","578.52","108.54","725"
"27/11/2020","607.73","114.04","726"
"30/11/2020","606.99","113.39","727"
"01/12/2020","590.05","112.73","728"
"02/12/2020","593.06","113.07","729"
"03/12/2020","583.93","113.67","730"
"04/12/2020","581.96","113.49","731"
"07/12/2020","576.26","113.39","732"
"08/12/2020","580.91","113.26","733"
"09/12/2020","574.92","110.92","734"
"10/12/2020","586.40","116.42","735"
"11/12/2020","582.46","115.27","736"
"14/12/2020","600.37","117.49","737"
"15/12/2020","596.64","117.24","738"
"16/12/2020","608.32","118.67","739"
"17/12/2020","606.64","119.54","740"
"18/12/2020","604.03","118.74","741"
"21/12/2020","598.23","116.75","742"
"22/12/2020","598.68","115.91","743"
"23/12/2020","600.82","115.57","744"
"28/12/2020","607.83","116.02","745"
"29/12/2020","608.35","117.35","746"
"30/12/2020","606.69","116.99","747"
"04/01/2021","615.78","117.05","748"
"05/01/2021","615.40","116.93","749"
"06/01/2021","611.28","115.71","750"
"07/01/2021","614.98","114.16","751"
"08/01/2021","625.71","115.53","752"
"11/01/2021","615.56","112.10","753"
"12/01/2021","617.05","115.70","754"
"13/01/2021","632.25","119.29","755"
"14/01/2021","638.60","122.74","756"
"15/01/2021","651.99","123.34","757"
"18/01/2021","649.68","122.77","758"
"19/01/2021","650.54","121.60","759"
"20/01/2021","650.54","122.30","760"
"21/01/2021","654.24","122.15","761"
"22/01/2021","658.67","120.37","762"
"25/01/2021","657.46","119.36","763"
"26/01/2021","655.25","122.98","764"
"27/01/2021","658.68","122.05","765"
"28/01/2021","662.22","121.82","766"
"29/01/2021","658.33","120.07","767"
"01/02/2021","672.19","123.31","768"
"02/02/2021","669.70","124.99","769"
"03/02/2021","669.33","124.83","770"
"04/02/2021","667.61","122.41","771"
"05/02/2021","668.91","124.20","772"
"08/02/2021","664.66","123.73","773"
"09/02/2021","665.12","123.58","774"
"10/02/2021","659.86","122.67","775"
"11/02/2021","659.55","122.32","776"
"12/02/2021","657.97","122.34","777"
"17/02/2021","670.04","123.62","778"
"18/02/2021","683.70","125.68","779"
"19/02/2021","680.94","125.94","780"
"22/02/2021","701.50","128.90","781"
"23/02/2021","724.96","132.97","782"
"24/02/2021","725.02","133.45","783"
"25/02/2021","746.14","135.51","784"
"26/02/2021","746.50","133.76","785"
"01/03/2021","747.32","133.47","786"
"02/03/2021","748.80","132.18","787"
"03/03/2021","747.51","129.96","788"
"04/03/2021","738.50","130.41","789"
"05/03/2021","735.85","129.23","790"
"08/03/2021","730.76","126.67","791"
"09/03/2021","737.48","127.39","792"
"10/03/2021","739.17","130.69","793"
"11/03/2021","736.80","133.09","794"
"12/03/2021","737.64","132.57","795"
"15/03/2021","737.18","130.59","796"
"16/03/2021","740.98","132.06","797"
"17/03/2021","741.90","132.89","798"
"18/03/2021","736.20","132.43","799"
"19/03/2021","724.48","132.01","800"
"22/03/2021","729.71","132.36","801"
"23/03/2021","717.04","130.04","802"
"24/03/2021","713.49","127.11","803"
"25/03/2021","716.41","126.42","804"
"26/03/2021","729.25","126.91","805"
"29/03/2021","727.77","126.20","806"
"30/03/2021","710.15","123.57","807"
"31/03/2021","708.44","125.97","808"
"01/04/2021","707.11","123.92","809"
"05/04/2021","704.57","124.22","810"
"06/04/2021","714.67","127.66","811"
"07/04/2021","716.55","126.85","812"
"08/04/2021","722.75","129.69","813"
"09/04/2021","725.21","127.72","814"
"12/04/2021","730.21","127.55","815"
"13/04/2021","730.81","128.19","816"
"14/04/2021","743.91","131.11","817"
"15/04/2021","742.82","132.08","818"
"16/04/2021","737.63","132.05","819"
"19/04/2021","736.30","132.38","820"
"20/04/2021","743.12","133.73","821"
"22/04/2021","746.41","136.66","822"
"23/04/2021","760.51","138.40","823"
"26/04/2021","775.45","142.08","824"
"27/04/2021","785.11","143.66","825"
"28/04/2021","788.22","146.95","826"
"29/04/2021","788.80","147.33","827"
"30/04/2021","782.59","144.02","828"
"03/05/2021","782.03","144.23","829"
"04/05/2021","787.04","144.86","830"
"05/05/2021","813.32","151.57","831"
"06/05/2021","828.03","156.79","832"
"07/05/2021","820.45","157.11","833"
"10/05/2021","805.98","154.08","834"
"11/05/2021","813.09","155.65","835"
"12/05/2021","795.48","150.20","836"
"13/05/2021","804.79","151.88","837"
"14/05/2021","805.55","152.86","838"
"17/05/2021","805.71","153.00","839"
"18/05/2021","816.11","155.57","840"
"19/05/2021","819.61","154.21","841"
"20/05/2021","823.23","156.12","842"
"21/05/2021","825.55","154.37","843"
"24/05/2021","825.79","155.17","844"
"25/05/2021","825.11","154.60","845"
"26/05/2021","850.84","160.26","846"
"27/05/2021","864.74","164.62","847"
"28/05/2021","877.15","168.10","848"
"31/05/2021","877.41","167.93","849"
"01/06/2021","884.10","171.47","850"
"02/06/2021","882.64","173.34","851"
"04/06/2021","880.18","174.81","852"
"07/06/2021","868.97","172.52","853"
"08/06/2021","871.72","173.03","854"
"09/06/2021","874.33","172.45","855"
"10/06/2021","869.54","171.71","856"
"11/06/2021","872.57","170.42","857"
"14/06/2021","855.78","168.73","858"
"15/06/2021","850.96","168.74","859"
"16/06/2021","840.14","166.53","860"
"17/06/2021","825.50","164.31","861"
"18/06/2021","824.19","162.56","862"
"21/06/2021","829.05","165.08","863"
"22/06/2021","826.92","166.58","864"
"23/06/2021","820.58","165.27","865"
"24/06/2021","823.83","167.96","866"
"25/06/2021","831.81","167.97","867"
"28/06/2021","849.44","172.44","868"
"29/06/2021","843.76","170.87","869"
"30/06/2021","844.21","169.76","870"
"01/07/2021","846.16","167.62","871"
"02/07/2021","840.25","166.45","872"
"05/07/2021","838.99","165.06","873"
"06/07/2021","817.13","157.14","874"
"07/07/2021","821.63","156.98","875"
"08/07/2021","837.72","159.44","876"
"09/07/2021","840.43","160.42","877"
"12/07/2021","854.69","165.32","878"
"13/07/2021","836.90","161.84","879"
"14/07/2021","850.48","167.68","880"
"15/07/2021","843.71","164.63","881"
"16/07/2021","875.45","170.99","882"
"19/07/2021","866.41","164.84","883"
"20/07/2021","902.64","172.95","884"
"21/07/2021","960.50","185.32","885"
"22/07/2021","1028.35","197.42","886"
"23/07/2021","1008.84","193.37","887"
"26/07/2021","1067.27","206.24","888"
"27/07/2021","1059.66","204.65","889"
"28/07/2021","1062.35","207.73","890"
"29/07/2021","1045.82","205.99","891"
"30/07/2021","1014.44","195.20","892"
"02/08/2021","966.05","187.11","893"
"03/08/2021","990.47","191.10","894"
"04/08/2021","993.85","191.53","895"
"05/08/2021","990.19","190.31","896"
"06/08/2021","991.23","189.13","897"
"09/08/2021","1008.07","192.45","898"
"10/08/2021","1015.33","195.33","899"
"11/08/2021","1018.03","194.73","900"
"12/08/2021","1038.91","197.74","901"
"13/08/2021","1028.95","196.25","902"
"16/08/2021","1050.92","198.81","903"
"17/08/2021","1032.50","195.99","904"
"18/08/2021","1043.98","194.77","905"
"19/08/2021","1038.72","191.79","906"
"20/08/2021","1043.41","194.01","907"
"23/08/2021","1049.09","195.29","908"
"24/08/2021","1059.61","201.48","909"
"25/08/2021","1057.07","202.89","910"
"26/08/2021","1067.49","203.33","911"
"27/08/2021","1075.88","207.06","912"
"30/08/2021","1102.36","212.52","913"
"31/08/2021","1084.23","209.51","914"
"01/09/2021","1100.25","212.65","915"
"02/09/2021","1089.49","210.12","916"
"03/09/2021","1081.27","208.58","917"
"06/09/2021","1082.64","209.20","918"
"08/09/2021","1083.73","203.98","919"
"09/09/2021","1069.14","201.46","920"
"10/09/2021","1073.90","203.93","921"
"13/09/2021","1068.28","204.22","922"
"14/09/2021","1063.09","202.07","923"
"15/09/2021","1068.05","203.75","924"
"16/09/2021","1070.42","202.92","925"
"17/09/2021","1074.55","203.40","926"
"20/09/2021","1062.73","198.60","927"
"21/09/2021","1063.40","201.33","928"
"22/09/2021","1069.03","201.67","929"
"23/09/2021","1089.12","205.18","930"
"24/09/2021","1111.63","207.94","931"
"27/09/2021","1105.09","205.41","932"
"28/09/2021","1146.61","211.16","933"
"29/09/2021","1130.48","208.35","934"
"30/09/2021","1136.94","209.11","935"
"01/10/2021","1183.07","220.60","936"
"04/10/2021","1180.95","216.61","937"
"05/10/2021","1149.79","210.24","938"
"06/10/2021","1159.92","211.36","939"
"07/10/2021","1180.51","214.52","940"
"08/10/2021","1199.28","217.66","941"
"11/10/2021","1204.12","217.67","942"
"13/10/2021","1228.44","222.91","943"
"14/10/2021","1242.78","225.14","944"
"15/10/2021","1233.94","226.00","945"
"18/10/2021","1223.91","221.96","946"
"19/10/2021","1243.54","222.58","947"
"20/10/2021","1250.02","225.35","948"
"21/10/2021","1257.20","222.36","949"
"22/10/2021","1246.22","220.96","950"
"25/10/2021","1247.88","225.01","951"
"26/10/2021","1270.07","228.14","952"
"27/10/2021","1246.21","223.74","953"
"28/10/2021","1239.91","220.31","954"
"29/10/2021","1256.27","222.43","955"
"01/11/2021","1286.73","226.90","956"
"03/11/2021","1284.27","229.54","957"
"04/11/2021","1282.15","228.34","958"
"05/11/2021","1265.50","229.67","959"
"08/11/2021","1254.32","226.04","960"
"09/11/2021","1258.03","229.44","961"
"10/11/2021","1256.09","228.59","962"
"11/11/2021","1274.18","236.05","963"
"12/11/2021","1307.85","239.75","964"
"16/11/2021","1322.11","240.73","965"
"17/11/2021","1359.78","246.07","966"
"18/11/2021","1367.45","245.55","967"
"19/11/2021","1392.66","248.51","968"
"22/11/2021","1382.69","247.35","969"
"23/11/2021","1435.66","256.00","970"
"24/11/2021","1456.43","260.40","971"
"25/11/2021","1466.92","263.69","972"
"26/11/2021","1457.25","260.22","973"
"29/11/2021","1424.40","253.68","974"
"30/11/2021","1420.09","251.48","975"
"01/12/2021","1421.20","250.87","976"
"02/12/2021","1439.13","254.62","977"
"03/12/2021","1471.19","259.15","978"
"06/12/2021","1487.58","261.62","979"
"07/12/2021","1479.74","263.39","980"
"08/12/2021","1478.12","266.90","981"
"09/12/2021","1471.59","263.73","982"
"10/12/2021","1435.60","255.76","983"
"13/12/2021","1457.28","256.88","984"
"14/12/2021","1453.75","255.45","985"
"15/12/2021","1463.61","255.74","986"
"16/12/2021","1461.28","257.49","987"
"17/12/2021","1459.85","256.92","988"
"20/12/2021","1432.67","249.68","989"
"21/12/2021","1441.82","251.32","990"
"22/12/2021","1457.17","257.00","991"
"23/12/2021","1447.66","255.64","992"
"27/12/2021","1434.07","254.45","993"
"28/12/2021","1430.05","253.69","994"
"29/12/2021","1440.31","252.95","995"
"30/12/2021","1431.58","256.79","996"
"03/01/2022","1414.57","249.88","997"
"04/01/2022","1454.67","255.79","998"
"05/01/2022","1453.35","256.64","999"
"06/01/2022","1466.69","257.95","1000"
"07/01/2022","1493.73","265.18","1001"
"10/01/2022","1483.95","261.63","1002"
"11/01/2022","1481.83","265.61","1003"
"12/01/2022","1502.91","271.53","1004"
"13/01/2022","1495.12","270.90","1005"
"14/01/2022","1498.14","271.30","1006"
"17/01/2022","1495.99","270.82","1007"
"18/01/2022","1498.35","269.68","1008"
"19/01/2022","1509.95","276.35","1009"
"20/01/2022","1507.84","278.66","1010"
"21/01/2022","1487.18","272.53","1011"
"24/01/2022","1479.77","268.90","1012"
"25/01/2022","1494.27","274.68","1013"
"26/01/2022","1493.25","276.17","1014"
"27/01/2022","1467.33","270.38","1015"
"28/01/2022","1481.14","274.64","1016"
"31/01/2022","1474.34","278.02","1017"
"01/02/2022","1476.50","280.17","1018"
"02/02/2022","1477.38","279.54","1019"
"03/02/2022","1491.62","281.81","1020"
"04/02/2022","1491.20","279.98","1021"
"07/02/2022","1482.26","281.80","1022"
"08/02/2022","1510.30","287.40","1023"
"09/02/2022","1555.19","297.93","1024"
"10/02/2022","1535.38","293.80","1025"
"11/02/2022","1519.43","290.74","1026"
"14/02/2022","1504.86","288.45","1027"
"15/02/2022","1499.37","289.40","1028"
"16/02/2022","1498.45","292.21","1029"
"17/02/2022","1495.22","289.27","1030"
"18/02/2022","1466.51","285.43","1031"
"21/02/2022","1462.04","286.34","1032"
"22/02/2022","1453.13","286.90","1033"
"23/02/2022","1442.80","288.39","1034"
"24/02/2022","1425.53","278.59","1035"
"25/02/2022","1434.43","278.80","1036"
"02/03/2022","1384.52","270.94","1037"
"03/03/2022","1330.63","264.85","1038"
"04/03/2022","1325.98","261.07","1039"
"07/03/2022","1318.18","259.54","1040"
"08/03/2022","1344.06","265.83","1041"
"09/03/2022","1331.86","265.79","1042"
"10/03/2022","1306.51","260.37","1043"
"11/03/2022","1305.56","258.42","1044"
"14/03/2022","1291.12","251.73","1045"
"15/03/2022","1262.07","244.87","1046"
"16/03/2022","1276.74","250.10","1047"
"17/03/2022","1266.57","251.40","1048"
"18/03/2022","1278.09","254.90","1049"
"21/03/2022","1287.25","259.95","1050"
"22/03/2022","1276.97","259.60","1051"
"23/03/2022","1272.51","263.02","1052"
"24/03/2022","1259.80","260.99","1053"
"25/03/2022","1257.06","264.59","1054"
"28/03/2022","1210.76","253.83","1055"
"29/03/2022","1202.21","252.51","1056"
"30/03/2022","1224.94","256.16","1057"
"31/03/2022","1243.64","261.21","1058"
"01/04/2022","1245.32","266.72","1059"
"04/04/2022","1247.37","270.46","1060"
"05/04/2022","1249.98","268.41","1061"
"06/04/2022","1246.26","264.04","1062"
"07/04/2022","1245.39","262.46","1063"
"08/04/2022","1271.49","270.24","1064"
"11/04/2022","1287.36","274.90","1065"
"12/04/2022","1278.00","273.19","1066"
"13/04/2022","1249.28","266.60","1067"
"14/04/2022","1240.14","264.31","1068"
"18/04/2022","1237.41","265.65","1069"
"19/04/2022","1233.88","264.04","1070"
"20/04/2022","1213.90","262.46","1071"
"22/04/2022","1243.89","259.31","1072"
"25/04/2022","1247.91","256.09","1073"
"26/04/2022","1262.09","252.92","1074"
"27/04/2022","1248.52","251.51","1075"
"28/04/2022","1259.76","255.12","1076"
"29/04/2022","1267.35","256.13","1077"
"02/05/2022","1254.70","247.62","1078"
"03/05/2022","1263.55","254.49","1079"
"04/05/2022","1267.30","258.05","1080"
"05/05/2022","1263.65","251.27","1081"
"06/05/2022","1244.41","245.30","1082"
"09/05/2022","1231.77","238.90","1083"
"10/05/2022","1224.78","238.98","1084"
"11/05/2022","1287.69","250.62","1085"
"12/05/2022","1271.64","247.11","1086"
"13/05/2022","1259.80","249.27","1087"
"16/05/2022","1307.93","259.25","1088"
"17/05/2022","1308.24","264.72","1089"
"18/05/2022","1278.19","256.31","1090"
"19/05/2022","1259.53","256.31","1091"
"20/05/2022","1245.75","255.85","1092"
"23/05/2022","1229.41","255.44","1093"
"24/05/2022","1218.65","252.78","1094"
"25/05/2022","1234.47","256.59","1095"
"26/05/2022","1269.38","266.62","1096"
"27/05/2022","1276.44","269.41","1097"
"30/05/2022","1273.45","268.04","1098"
"31/05/2022","1273.07","267.96","1099"
